County,1,2,3,4,5,6,7,8,9,10,11,12,13,14,15,16,17,18,19,20
Adams,80640,92160,103680,115200,124480,133680,142880,152080,161280,170496,179696,188896,198096,207296,216496,225696,234896,244096,253296,262496
Alamosa,54560,62400,70160,77920,84160,90400,96640,102880,109088,115321.6,121521.6,127721.6,133921.6,140121.6,146321.6,152521.6,158721.6,164921.6,171121.6,177321.6
Arapahoe,80640,92160,103680,115200,124480,133680,142880,152080,161280,170496,179696,188896,198096,207296,216496,225696,234896,244096,253296,262496
Archuleta,55120,62960,70800,78640,84960,91280,97520,103840,110096,116387.2,122687.2,128987.2,135287.2,141587.2,147887.2,154187.2,160487.2,166787.2,173087.2,179387.2
Baca,54560,62400,70160,77920,84160,90400,96640,102880,109088,115321.6,121521.6,127721.6,133921.6,140121.6,146321.6,152521.6,158721.6,164921.6,171121.6,177321.6
Bent,54560,62400,70160,77920,84160,90400,96640,102880,109088,115321.6,121521.6,127721.6,133921.6,140121.6,146321.6,152521.6,158721.6,164921.6,171121.6,177321.6
Boulder,84000,96000,108000,120000,129600,139200,148800,158400,168000,177600,187200,196800,206400,216000,225600,235200,244800,254400,264000,273600
Broomfield,80640,92160,103680,115200,124480,133680,142880,152080,161280,170496,179696,188896,198096,207296,216496,225696,234896,244096,253296,262496
Chaffee,62240,71120,80000,88880,96000,103120,110240,117360,124432,131542.4,138642.4,145742.4,152842.4,159942.4,167042.4,174142.4,181242.4,188342.4,195442.4,202542.4
Cheyenne,54560,62400,70160,77920,84160,90400,96640,102880,109088,115321.6,121521.6,127721.6,133921.6,140121.6,146321.6,152521.6,158721.6,164921.6,171121.6,177321.6
Clear Creek,80640,92160,103680,115200,124480,133680,142880,152080,161280,170496,179696,188896,198096,207296,216496,225696,234896,244096,253296,262496
Conejos,54560,62400,70160,77920,84160,90400,96640,102880,109088,115321.6,121521.6,127721.6,133921.6,140121.6,146321.6,152521.6,158721.6,164921.6,171121.6,177321.6
Costilla,54560,62400,70160,77920,84160,90400,96640,102880,109088,115321.6,121521.6,127721.6,133921.6,140121.6,146321.6,152521.6,158721.6,164921.6,171121.6,177321.6
Crowley,54560,62400,70160,77920,84160,90400,96640,102880,109088,115321.6,121521.6,127721.6,133921.6,140121.6,146321.6,152521.6,158721.6,164921.6,171121.6,177321.6
Custer,54560,62400,70160,77920,84160,90400,96640,102880,109088,115321.6,121521.6,127721.6,133921.6,140121.6,146321.6,152521.6,158721.6,164921.6,171121.6,177321.6
Delta,54560,62400,70160,77920,84160,90400,96640,102880,109088,115321.6,121521.6,127721.6,133921.6,140121.6,146321.6,152521.6,158721.6,164921.6,171121.6,177321.6
Denver,80640,92160,103680,115200,124480,133680,142880,152080,161280,170496,179696,188896,198096,207296,216496,225696,234896,244096,253296,262496
Dolores,54720,62480,70320,78080,84400,90640,96880,103120,109312,115558.4,121758.4,127958.4,134158.4,140358.4,146558.4,152758.4,158958.4,165158.4,171358.4,177558.4
Douglas,80640,92160,103680,115200,124480,133680,142880,152080,161280,170496,179696,188896,198096,207296,216496,225696,234896,244096,253296,262496
Eagle,77680,88800,99920,110960,119840,128720,137600,146480,155344,164220.8,173120.8,182020.8,190920.8,199820.8,208720.8,217620.8,226520.8,235420.8,244320.8,253220.8
El Paso,65200,74560,83840,93120,100640,108080,115520,122960,130368,137817.6,145217.6,152617.6,160017.6,167417.6,174817.6,182217.6,189617.6,197017.6,204417.6,211817.6
Elbert,80640,92160,103680,115200,124480,133680,142880,152080,161280,170496,179696,188896,198096,207296,216496,225696,234896,244096,253296,262496
Fremont,54560,62400,70160,77920,84160,90400,96640,102880,109088,115321.6,121521.6,127721.6,133921.6,140121.6,146321.6,152521.6,158721.6,164921.6,171121.6,177321.6
Garfield,63920,73040,82160,91280,98640,105920,113200,120560,127792,135094.4,142294.4,149494.4,156694.4,163894.4,171094.4,178294.4,185494.4,192694.4,199894.4,207094.4
Gilpin,80640,92160,103680,115200,124480,133680,142880,152080,161280,170496,179696,188896,198096,207296,216496,225696,234896,244096,253296,262496
Grand,68960,78800,88640,98560,106480,114400,122160,130080,137984,145868.8,153768.8,161668.8,169568.8,177468.8,185368.8,193268.8,201168.8,209068.8,216968.8,224868.8
Gunnison,69200,79200,89040,98960,106880,114800,122720,130640,138544,146460.8,154360.8,162260.8,170160.8,178060.8,185960.8,193860.8,201760.8,209660.8,217560.8,225460.8
Hinsdale,54560,62400,70160,77920,84160,90400,96640,102880,109088,115321.6,121521.6,127721.6,133921.6,140121.6,146321.6,152521.6,158721.6,164921.6,171121.6,177321.6
Huerfano,54560,62400,70160,77920,84160,90400,96640,102880,109088,115321.6,121521.6,127721.6,133921.6,140121.6,146321.6,152521.6,158721.6,164921.6,171121.6,177321.6
Jackson,54560,62400,70160,77920,84160,90400,96640,102880,109088,115321.6,121521.6,127721.6,133921.6,140121.6,146321.6,152521.6,158721.6,164921.6,171121.6,177321.6
Jefferson,80640,92160,103680,115200,124480,133680,142880,152080,161280,170496,179696,188896,198096,207296,216496,225696,234896,244096,253296,262496
Kiowa,54560,62400,70160,77920,84160,90400,96640,102880,109088,115321.6,121521.6,127721.6,133921.6,140121.6,146321.6,152521.6,158721.6,164921.6,171121.6,177321.6
Kit Carson,54560,62400,70160,77920,84160,90400,96640,102880,109088,115321.6,121521.6,127721.6,133921.6,140121.6,146321.6,152521.6,158721.6,164921.6,171121.6,177321.6
La Plata,64240,73440,82640,91760,99120,106480,113840,121200,128464,135804.8,143104.8,150404.8,157704.8,165004.8,172304.8,179604.8,186904.8,194204.8,201504.8,208804.8
Lake,64320,73520,82720,91920,99280,106640,113920,121280,128688,136041.6,143441.6,150841.6,158241.6,165641.6,173041.6,180441.6,187841.6,195241.6,202641.6,210041.6
Larimer,73040,83520,93920,104320,112720,121040,129360,137760,146048,154393.6,162693.6,170993.6,179293.6,187593.6,195893.6,204193.6,212493.6,220793.6,229093.6,237393.6
Las Animas ,54560,62400,70160,77920,84160,90400,96640,102880,109088,115321.6,121521.6,127721.6,133921.6,140121.6,146321.6,152521.6,158721.6,164921.6,171121.6,177321.6
Lincoln,54560,62400,70160,77920,84160,90400,96640,102880,109088,115321.6,121521.6,127721.6,133921.6,140121.6,146321.6,152521.6,158721.6,164921.6,171121.6,177321.6
Logan,54560,62400,70160,77920,84160,90400,96640,102880,109088,115321.6,121521.6,127721.6,133921.6,140121.6,146321.6,152521.6,158721.6,164921.6,171121.6,177321.6
Mesa,56400,64400,72480,80480,86960,93360,99840,106240,112672,119110.4,125510.4,131910.4,138310.4,144710.4,151110.4,157510.4,163910.4,170310.4,176710.4,183110.4
Mineral,54560,62400,70160,77920,84160,90400,96640,102880,109088,115321.6,121521.6,127721.6,133921.6,140121.6,146321.6,152521.6,158721.6,164921.6,171121.6,177321.6
Moffat,54560,62400,70160,77920,84160,90400,96640,102880,109088,115321.6,121521.6,127721.6,133921.6,140121.6,146321.6,152521.6,158721.6,164921.6,171121.6,177321.6
Montezuma,54560,62400,70160,77920,84160,90400,96640,102880,109088,115321.6,121521.6,127721.6,133921.6,140121.6,146321.6,152521.6,158721.6,164921.6,171121.6,177321.6
Montrose,54560,62400,70160,77920,84160,90400,96640,102880,109088,115321.6,121521.6,127721.6,133921.6,140121.6,146321.6,152521.6,158721.6,164921.6,171121.6,177321.6
Morgan,54560,62400,70160,77920,84160,90400,96640,102880,109088,115321.6,121521.6,127721.6,133921.6,140121.6,146321.6,152521.6,158721.6,164921.6,171121.6,177321.6
Otero,54560,62400,70160,77920,84160,90400,96640,102880,109088,115321.6,121521.6,127721.6,133921.6,140121.6,146321.6,152521.6,158721.6,164921.6,171121.6,177321.6
Ouray,62960,72000,80960,89920,97120,104320,111520,118720,125888,133081.6,140281.6,147481.6,154681.6,161881.6,169081.6,176281.6,183481.6,190681.6,197881.6,205081.6
Park,80640,92160,103680,115200,124480,133680,142880,152080,161280,170496,179696,188896,198096,207296,216496,225696,234896,244096,253296,262496
Phillips,57760,66000,74240,82480,89120,95680,102320,108880,115472,122070.4,128670.4,135270.4,141870.4,148470.4,155070.4,161670.4,168270.4,174870.4,181470.4,188070.4
Pitkin,79600,90960,102320,113680,122800,131920,141040,150080,159152,168246.4,177346.4,186446.4,195546.4,204646.4,213746.4,222846.4,231946.4,241046.4,250146.4,259246.4
Prowers,54560,62400,70160,77920,84160,90400,96640,102880,109088,115321.6,121521.6,127721.6,133921.6,140121.6,146321.6,152521.6,158721.6,164921.6,171121.6,177321.6
Pueblo,54560,62400,70160,77920,84160,90400,96640,102880,109088,115321.6,121521.6,127721.6,133921.6,140121.6,146321.6,152521.6,158721.6,164921.6,171121.6,177321.6
Rio Blanco,54560,62400,70160,77920,84160,90400,96640,102880,109088,115321.6,121521.6,127721.6,133921.6,140121.6,146321.6,152521.6,158721.6,164921.6,171121.6,177321.6
Rio Grande,54560,62400,70160,77920,84160,90400,96640,102880,109088,115321.6,121521.6,127721.6,133921.6,140121.6,146321.6,152521.6,158721.6,164921.6,171121.6,177321.6
Routt,77680,88800,99920,110960,119840,128720,137600,146480,155344,164220.8,173120.8,182020.8,190920.8,199820.8,208720.8,217620.8,226520.8,235420.8,244320.8,253220.8
Saguache,54560,62400,70160,77920,84160,90400,96640,102880,109088,115321.6,121521.6,127721.6,133921.6,140121.6,146321.6,152521.6,158721.6,164921.6,171121.6,177321.6
San Juan,54560,62400,70160,77920,84160,90400,96640,102880,109088,115321.6,121521.6,127721.6,133921.6,140121.6,146321.6,152521.6,158721.6,164921.6,171121.6,177321.6
San Miguel,73440,83920,94400,104880,113280,121680,130080,138480,146832,155222.4,163622.4,172022.4,180422.4,188822.4,197222.4,205622.4,214022.4,222422.4,230822.4,239222.4
Sedgwick,54560,62400,70160,77920,84160,90400,96640,102880,109088,115321.6,121521.6,127721.6,133921.6,140121.6,146321.6,152521.6,158721.6,164921.6,171121.6,177321.6
Summit,81680,93360,105040,116640,126000,135360,144640,154000,163296,172627.2,181927.2,191227.2,200527.2,209827.2,219127.2,228427.2,237727.2,247027.2,256327.2,265627.2
Teller,63120,72080,81120,90080,97360,104560,111760,118960,126112,133318.4,140518.4,147718.4,154918.4,162118.4,169318.4,176518.4,183718.4,190918.4,198118.4,205318.4
Washington,54560,62400,70160,77920,84160,90400,96640,102880,109088,115321.6,121521.6,127721.6,133921.6,140121.6,146321.6,152521.6,158721.6,164921.6,171121.6,177321.6
Weld ,70000,79920,90000,99920,107920,115920,123920,131920,139888,147881.6,155881.6,163881.6,171881.6,179881.6,187881.6,195881.6,203881.6,211881.6,219881.6,227881.6
Yuma,54560,62400,70160,77920,84160,90400,96640,102880,109088,115321.6,121521.6,127721.6,133921.6,140121.6,146321.6,152521.6,158721.6,164921.6,171121.6,177321.6
