territory_name,eia_id
Xcel Energy,15466
Colorado Springs Utilities,3989
Intermountain Rural Electric Association,9336
"United Power, Inc.",19499
Black Hills Energy,56146
Fort Collins Utilities Light and Power,6604
"Mountain View Electric Association, Inc.",13058
"Holy Cross Electric Association, Inc.",8773
"Poudre Valley REA, Inc.",15257
Longmont Electric Utility,11187
"La Plata Electric Association, Inc.",10539
Loveland Water & Power Dept.,11256
Delta-Montrose Electric Association,5086
"San Isabel Electric Association, Inc.",16616
"Yampa Valley Electric Association, Inc.",21081
Mountain Parks Electric,13050
"Grand Valley Rural Power Lines, Inc.",7563
Fountain Electric Dept.,6638
"Empire Electric Association, Inc.",5862
"San Miguel Power Association, Inc.",16622
"San Luis Valley Rural Electric Coop, Inc.",16603
Southeast Colorado Power Association,17592
Fort Morgan Utilities Dept.,6610
Morgan County Rural Electric Association,12860
Highline Electric Association,8570
"Y-W Electric Association, Inc.",21075
"K C Electric Association, Inc.",10066
"White River Electric Association, Inc.",20576
"Moon Lake Electric Association, Inc.",12866
"High West Energy, Inc.",27058
