state_fips,state_abbr,fy,hh_size,smi60_annual
01,AL,2025,1,29781
01,AL,2025,2,38945
01,AL,2025,3,48109
01,AL,2025,4,57273
01,AL,2025,5,66436
01,AL,2025,6,75600
01,AL,2025,7,77318
01,AL,2025,8,79036
01,AL,2025,9,80754
01,AL,2025,10,82473
01,AL,2025,11,84191
01,AL,2025,12,85909
02,AK,2025,1,37949
02,AK,2025,2,49626
02,AK,2025,3,61303
02,AK,2025,4,72980
02,AK,2025,5,84656
02,AK,2025,6,96333
02,AK,2025,7,98523
02,AK,2025,8,100712
02,AK,2025,9,102901
02,AK,2025,10,105091
02,AK,2025,11,107280
02,AK,2025,12,109470
04,AZ,2025,1,31755
04,AZ,2025,2,41526
04,AZ,2025,3,51297
04,AZ,2025,4,61069
04,AZ,2025,5,70840
04,AZ,2025,6,80611
04,AZ,2025,7,82443
04,AZ,2025,8,84275
04,AZ,2025,9,86107
04,AZ,2025,10,87939
04,AZ,2025,11,89771
04,AZ,2025,12,91603
05,AR,2025,1,27011
05,AR,2025,2,35323
05,AR,2025,3,43634
05,AR,2025,4,51946
05,AR,2025,5,60257
05,AR,2025,6,68568
05,AR,2025,7,70127
05,AR,2025,8,71685
05,AR,2025,9,73243
05,AR,2025,10,74802
05,AR,2025,11,76360
05,AR,2025,12,77919
06,CA,2025,1,38040
06,CA,2025,2,49745
06,CA,2025,3,61450
06,CA,2025,4,73155
06,CA,2025,5,84859
06,CA,2025,6,96564
06,CA,2025,7,98759
06,CA,2025,8,100953
06,CA,2025,9,103148
06,CA,2025,10,105343
06,CA,2025,11,107537
06,CA,2025,12,109732
08,CO,2025,1,40592
08,CO,2025,2,53082
08,CO,2025,3,65572
08,CO,2025,4,78062
08,CO,2025,5,90551
08,CO,2025,6,103041
08,CO,2025,7,105383
08,CO,2025,8,107725
08,CO,2025,9,110067
08,CO,2025,10,112409
08,CO,2025,11,114751
08,CO,2025,12,117093
09,CT,2025,1,45505
09,CT,2025,2,59507
09,CT,2025,3,73509
09,CT,2025,4,87511
09,CT,2025,5,101512
09,CT,2025,6,115514
09,CT,2025,7,118139
09,CT,2025,8,120765
09,CT,2025,9,123390
09,CT,2025,10,126015
09,CT,2025,11,128641
09,CT,2025,12,131266
10,DE,2025,1,37740
10,DE,2025,2,49352
10,DE,2025,3,60964
10,DE,2025,4,72577
10,DE,2025,5,84189
10,DE,2025,6,95801
10,DE,2025,7,97978
10,DE,2025,8,100156
10,DE,2025,9,102333
10,DE,2025,10,104510
10,DE,2025,11,106688
10,DE,2025,12,108865
11,DC,2025,1,57571
11,DC,2025,2,75286
11,DC,2025,3,93000
11,DC,2025,4,110715
11,DC,2025,5,128429
11,DC,2025,6,146143
11,DC,2025,7,149465
11,DC,2025,8,152786
11,DC,2025,9,156108
11,DC,2025,10,159429
11,DC,2025,11,162751
11,DC,2025,12,166072
12,FL,2025,1,30587
12,FL,2025,2,39998
12,FL,2025,3,49410
12,FL,2025,4,58822
12,FL,2025,5,68233
12,FL,2025,6,77645
12,FL,2025,7,79409
12,FL,2025,8,81174
12,FL,2025,9,82939
12,FL,2025,10,84703
12,FL,2025,11,86468
12,FL,2025,12,88233
13,GA,2025,1,33038
13,GA,2025,2,43203
13,GA,2025,3,53369
13,GA,2025,4,63535
13,GA,2025,5,73700
13,GA,2025,6,83866
13,GA,2025,7,85772
13,GA,2025,8,87678
13,GA,2025,9,89584
13,GA,2025,10,91490
13,GA,2025,11,93396
13,GA,2025,12,95302
15,HI,2025,1,40281
15,HI,2025,2,52675
15,HI,2025,3,65069
15,HI,2025,4,77464
15,HI,2025,5,89858
15,HI,2025,6,102252
15,HI,2025,7,104576
15,HI,2025,8,106900
15,HI,2025,9,109224
15,HI,2025,10,111548
15,HI,2025,11,113872
15,HI,2025,12,116196
16,ID,2025,1,30365
16,ID,2025,2,39708
16,ID,2025,3,49051
16,ID,2025,4,58395
16,ID,2025,5,67738
16,ID,2025,6,77081
16,ID,2025,7,78833
16,ID,2025,8,80585
16,ID,2025,9,82336
16,ID,2025,10,84088
16,ID,2025,11,85840
16,ID,2025,12,87592
17,IL,2025,1,38106
17,IL,2025,2,49831
17,IL,2025,3,61556
17,IL,2025,4,73281
17,IL,2025,5,85005
17,IL,2025,6,96730
17,IL,2025,7,98929
17,IL,2025,8,101127
17,IL,2025,9,103326
17,IL,2025,10,105524
17,IL,2025,11,107723
17,IL,2025,12,109921
18,IN,2025,1,32236
18,IN,2025,2,42155
18,IN,2025,3,52074
18,IN,2025,4,61994
18,IN,2025,5,71913
18,IN,2025,6,81832
18,IN,2025,7,83691
18,IN,2025,8,85551
18,IN,2025,9,87411
18,IN,2025,10,89271
18,IN,2025,11,91131
18,IN,2025,12,92991
19,IA,2025,1,35427
19,IA,2025,2,46327
19,IA,2025,3,57228
19,IA,2025,4,68129
19,IA,2025,5,79029
19,IA,2025,6,89930
19,IA,2025,7,91974
19,IA,2025,8,94018
19,IA,2025,9,96061
19,IA,2025,10,98105
19,IA,2025,11,100149
19,IA,2025,12,102193
20,KS,2025,1,33496
20,KS,2025,2,43803
20,KS,2025,3,54110
20,KS,2025,4,64417
20,KS,2025,5,74723
20,KS,2025,6,85030
20,KS,2025,7,86962
20,KS,2025,8,88895
20,KS,2025,9,90827
20,KS,2025,10,92760
20,KS,2025,11,94692
20,KS,2025,12,96625
21,KY,2025,1,30047
21,KY,2025,2,39292
21,KY,2025,3,48537
21,KY,2025,4,57783
21,KY,2025,5,67028
21,KY,2025,6,76273
21,KY,2025,7,78007
21,KY,2025,8,79740
21,KY,2025,9,81474
21,KY,2025,10,83207
21,KY,2025,11,84941
21,KY,2025,12,86674
22,LA,2025,1,29889
22,LA,2025,2,39086
22,LA,2025,3,48283
22,LA,2025,4,57480
22,LA,2025,5,66676
22,LA,2025,6,75873
22,LA,2025,7,77598
22,LA,2025,8,79322
22,LA,2025,9,81046
22,LA,2025,10,82771
22,LA,2025,11,84495
22,LA,2025,12,86220
23,ME,2025,1,35336
23,ME,2025,2,46209
23,ME,2025,3,57082
23,ME,2025,4,67955
23,ME,2025,5,78827
23,ME,2025,6,89700
23,ME,2025,7,91739
23,ME,2025,8,93777
23,ME,2025,9,95816
23,ME,2025,10,97855
23,ME,2025,11,99893
23,ME,2025,12,101932
24,MD,2025,1,46565
24,MD,2025,2,60893
24,MD,2025,3,75221
24,MD,2025,4,89549
24,MD,2025,5,103876
24,MD,2025,6,118204
24,MD,2025,7,120891
24,MD,2025,8,123577
24,MD,2025,9,126264
24,MD,2025,10,128950
24,MD,2025,11,131637
24,MD,2025,12,134323
25,MA,2025,1,49196
25,MA,2025,2,64333
25,MA,2025,3,79470
25,MA,2025,4,94608
25,MA,2025,5,109745
25,MA,2025,6,124882
25,MA,2025,7,127720
25,MA,2025,8,130559
25,MA,2025,9,133397
25,MA,2025,10,136235
25,MA,2025,11,139073
25,MA,2025,12,141912
26,MI,2025,1,34849
26,MI,2025,2,45572
26,MI,2025,3,56295
26,MI,2025,4,67019
26,MI,2025,5,77742
26,MI,2025,6,88465
26,MI,2025,7,90475
26,MI,2025,8,92486
26,MI,2025,9,94496
26,MI,2025,10,96507
26,MI,2025,11,98517
26,MI,2025,12,100528
27,MN,2025,1,42959
27,MN,2025,2,56177
27,MN,2025,3,69395
27,MN,2025,4,82614
27,MN,2025,5,95832
27,MN,2025,6,109050
27,MN,2025,7,111528
27,MN,2025,8,114007
27,MN,2025,9,116485
27,MN,2025,10,118964
27,MN,2025,11,121442
27,MN,2025,12,123921
28,MS,2025,1,25686
28,MS,2025,2,33590
28,MS,2025,3,41494
28,MS,2025,4,49398
28,MS,2025,5,57301
28,MS,2025,6,65205
28,MS,2025,7,66687
28,MS,2025,8,68169
28,MS,2025,9,69651
28,MS,2025,10,71133
28,MS,2025,11,72615
28,MS,2025,12,74097
29,MO,2025,1,33017
29,MO,2025,2,43176
29,MO,2025,3,53335
29,MO,2025,4,63495
29,MO,2025,5,73654
29,MO,2025,6,83813
29,MO,2025,7,85718
29,MO,2025,8,87623
29,MO,2025,9,89527
29,MO,2025,10,91432
29,MO,2025,11,93337
29,MO,2025,12,95242
30,MT,2025,1,32102
30,MT,2025,2,41979
30,MT,2025,3,51857
30,MT,2025,4,61735
30,MT,2025,5,71612
30,MT,2025,6,81490
30,MT,2025,7,83342
30,MT,2025,8,85194
30,MT,2025,9,87046
30,MT,2025,10,88898
30,MT,2025,11,90750
30,MT,2025,12,92602
31,NE,2025,1,35243
31,NE,2025,2,46087
31,NE,2025,3,56931
31,NE,2025,4,67776
31,NE,2025,5,78620
31,NE,2025,6,89464
31,NE,2025,7,91497
31,NE,2025,8,93530
31,NE,2025,9,95564
31,NE,2025,10,97597
31,NE,2025,11,99630
31,NE,2025,12,101664
32,NV,2025,1,29959
32,NV,2025,2,39178
32,NV,2025,3,48396
32,NV,2025,4,57615
32,NV,2025,5,66833
32,NV,2025,6,76051
32,NV,2025,7,77780
32,NV,2025,8,79508
32,NV,2025,9,81237
32,NV,2025,10,82965
32,NV,2025,11,84694
32,NV,2025,12,86422
33,NH,2025,1,45733
33,NH,2025,2,59805
33,NH,2025,3,73877
33,NH,2025,4,87949
33,NH,2025,5,102020
33,NH,2025,6,116092
33,NH,2025,7,118731
33,NH,2025,8,121369
33,NH,2025,9,124008
33,NH,2025,10,126646
33,NH,2025,11,129285
33,NH,2025,12,131923
34,NJ,2025,1,47896
34,NJ,2025,2,62633
34,NJ,2025,3,77370
34,NJ,2025,4,92108
34,NJ,2025,5,106845
34,NJ,2025,6,121582
34,NJ,2025,7,124345
34,NJ,2025,8,127109
34,NJ,2025,9,129872
34,NJ,2025,10,132635
34,NJ,2025,11,135398
34,NJ,2025,12,138162
35,NM,2025,1,25543
35,NM,2025,2,33403
35,NM,2025,3,41263
35,NM,2025,4,49123
35,NM,2025,5,56982
35,NM,2025,6,64842
35,NM,2025,7,66316
35,NM,2025,8,67789
35,NM,2025,9,69263
35,NM,2025,10,70737
35,NM,2025,11,72210
35,NM,2025,12,73684
36,NY,2025,1,39874
36,NY,2025,2,52143
36,NY,2025,3,64412
36,NY,2025,4,76681
36,NY,2025,5,88949
36,NY,2025,6,101218
36,NY,2025,7,103519
36,NY,2025,8,105819
36,NY,2025,9,108120
36,NY,2025,10,110420
36,NY,2025,11,112721
36,NY,2025,12,115021
37,NC,2025,1,32740
37,NC,2025,2,42814
37,NC,2025,3,52888
37,NC,2025,4,62962
37,NC,2025,5,73035
37,NC,2025,6,83109
37,NC,2025,7,84998
37,NC,2025,8,86887
37,NC,2025,9,88776
37,NC,2025,10,90665
37,NC,2025,11,92554
37,NC,2025,12,94443
38,ND,2025,1,38404
38,ND,2025,2,50221
38,ND,2025,3,62038
38,ND,2025,4,73855
38,ND,2025,5,85671
38,ND,2025,6,97488
38,ND,2025,7,99704
38,ND,2025,8,101919
38,ND,2025,9,104135
38,ND,2025,10,106351
38,ND,2025,11,108566
38,ND,2025,12,110782
39,OH,2025,1,34107
39,OH,2025,2,44601
39,OH,2025,3,55096
39,OH,2025,4,65591
39,OH,2025,5,76085
39,OH,2025,6,86580
39,OH,2025,7,88547
39,OH,2025,8,90515
39,OH,2025,9,92483
39,OH,2025,10,94451
39,OH,2025,11,96418
39,OH,2025,12,98386
40,OK,2025,1,28087
40,OK,2025,2,36730
40,OK,2025,3,45372
40,OK,2025,4,54015
40,OK,2025,5,62657
40,OK,2025,6,71299
40,OK,2025,7,72920
40,OK,2025,8,74540
40,OK,2025,9,76161
40,OK,2025,10,77781
40,OK,2025,11,79402
40,OK,2025,12,81022
41,OR,2025,1,36810
41,OR,2025,2,48136
41,OR,2025,3,59462
41,OR,2025,4,70789
41,OR,2025,5,82115
41,OR,2025,6,93441
41,OR,2025,7,95565
41,OR,2025,8,97688
41,OR,2025,9,99812
41,OR,2025,10,101936
41,OR,2025,11,104059
41,OR,2025,12,106183
42,PA,2025,1,37835
42,PA,2025,2,49476
42,PA,2025,3,61118
42,PA,2025,4,72760
42,PA,2025,5,84401
42,PA,2025,6,96043
42,PA,2025,7,98226
42,PA,2025,8,100408
42,PA,2025,9,102591
42,PA,2025,10,104774
42,PA,2025,11,106957
42,PA,2025,12,109140
44,RI,2025,1,39101
44,RI,2025,2,51133
44,RI,2025,3,63164
44,RI,2025,4,75196
44,RI,2025,5,87227
44,RI,2025,6,99258
44,RI,2025,7,101514
44,RI,2025,8,103770
44,RI,2025,9,106026
44,RI,2025,10,108282
44,RI,2025,11,110538
44,RI,2025,12,112794
45,SC,2025,1,30629
45,SC,2025,2,40054
45,SC,2025,3,49478
45,SC,2025,4,58903
45,SC,2025,5,68327
45,SC,2025,6,77751
45,SC,2025,7,79519
45,SC,2025,8,81286
45,SC,2025,9,83053
45,SC,2025,10,84820
45,SC,2025,11,86587
45,SC,2025,12,88354
46,SD,2025,1,32985
46,SD,2025,2,43134
46,SD,2025,3,53283
46,SD,2025,4,63433
46,SD,2025,5,73582
46,SD,2025,6,83731
46,SD,2025,7,85634
46,SD,2025,8,87537
46,SD,2025,9,89440
46,SD,2025,10,91343
46,SD,2025,11,93246
46,SD,2025,12,95149
47,TN,2025,1,30693
47,TN,2025,2,40137
47,TN,2025,3,49581
47,TN,2025,4,59026
47,TN,2025,5,68470
47,TN,2025,6,77914
47,TN,2025,7,79685
47,TN,2025,8,81455
47,TN,2025,9,83226
47,TN,2025,10,84997
47,TN,2025,11,86768
47,TN,2025,12,88539
48,TX,2025,1,32202
48,TX,2025,2,42110
48,TX,2025,3,52018
48,TX,2025,4,61927
48,TX,2025,5,71835
48,TX,2025,6,81743
48,TX,2025,7,83601
48,TX,2025,8,85459
48,TX,2025,9,87317
48,TX,2025,10,89174
48,TX,2025,11,91032
48,TX,2025,12,92890
49,UT,2025,1,34804
49,UT,2025,2,45513
49,UT,2025,3,56222
49,UT,2025,4,66932
49,UT,2025,5,77641
49,UT,2025,6,88350
49,UT,2025,7,90358
49,UT,2025,8,92366
49,UT,2025,9,94374
49,UT,2025,10,96382
49,UT,2025,11,98390
49,UT,2025,12,100398
50,VT,2025,1,39104
50,VT,2025,2,51136
50,VT,2025,3,63168
50,VT,2025,4,75201
50,VT,2025,5,87233
50,VT,2025,6,99265
50,VT,2025,7,101521
50,VT,2025,8,103777
50,VT,2025,9,106033
50,VT,2025,10,108289
50,VT,2025,11,110545
50,VT,2025,12,112801
51,VA,2025,1,41809
51,VA,2025,2,54674
51,VA,2025,3,67538
51,VA,2025,4,80403
51,VA,2025,5,93267
51,VA,2025,6,106131
51,VA,2025,7,108544
51,VA,2025,8,110956
51,VA,2025,9,113368
51,VA,2025,10,115780
51,VA,2025,11,118192
51,VA,2025,12,120604
53,WA,2025,1,40888
53,WA,2025,2,53469
53,WA,2025,3,66050
53,WA,2025,4,78632
53,WA,2025,5,91213
53,WA,2025,6,103794
53,WA,2025,7,106153
53,WA,2025,8,108512
53,WA,2025,9,110871
53,WA,2025,10,113230
53,WA,2025,11,115589
53,WA,2025,12,117948
54,WV,2025,1,28285
54,WV,2025,2,36989
54,WV,2025,3,45692
54,WV,2025,4,54396
54,WV,2025,5,63099
54,WV,2025,6,71802
54,WV,2025,7,73434
54,WV,2025,8,75066
54,WV,2025,9,76698
54,WV,2025,10,78330
54,WV,2025,11,79962
54,WV,2025,12,81594
55,WI,2025,1,36733
55,WI,2025,2,48035
55,WI,2025,3,59338
55,WI,2025,4,70641
55,WI,2025,5,81943
55,WI,2025,6,93246
55,WI,2025,7,95365
55,WI,2025,8,97484
55,WI,2025,9,99603
55,WI,2025,10,101723
55,WI,2025,11,103842
55,WI,2025,12,105961
56,WY,2025,1,34861
56,WY,2025,2,45587
56,WY,2025,3,56314
56,WY,2025,4,67041
56,WY,2025,5,77767
56,WY,2025,6,88494
56,WY,2025,7,90505
56,WY,2025,8,92516
56,WY,2025,9,94527
56,WY,2025,10,96539
56,WY,2025,11,98550
56,WY,2025,12,100561
72,PR,2025,1,12304
72,PR,2025,2,16090
72,PR,2025,3,19876
72,PR,2025,4,23662
72,PR,2025,5,27447
72,PR,2025,6,31233
72,PR,2025,7,31943
72,PR,2025,8,32653
72,PR,2025,9,33363
72,PR,2025,10,34073
72,PR,2025,11,34783
72,PR,2025,12,35493
01,AL,2026,1,30794
01,AL,2026,2,40269
01,AL,2026,3,49744
01,AL,2026,4,59220
01,AL,2026,5,68695
01,AL,2026,6,78170
01,AL,2026,7,79947
01,AL,2026,8,81723
01,AL,2026,9,83500
01,AL,2026,10,85276
01,AL,2026,11,87053
01,AL,2026,12,88830
02,AK,2026,1,40138
02,AK,2026,2,52489
02,AK,2026,3,64839
02,AK,2026,4,77190
02,AK,2026,5,89540
02,AK,2026,6,101890
02,AK,2026,7,104206
02,AK,2026,8,106522
02,AK,2026,9,108837
02,AK,2026,10,111153
02,AK,2026,11,113469
02,AK,2026,12,115785
04,AZ,2026,1,33690
04,AZ,2026,2,44056
04,AZ,2026,3,54422
04,AZ,2026,4,64789
04,AZ,2026,5,75155
04,AZ,2026,6,85521
04,AZ,2026,7,87465
04,AZ,2026,8,89408
04,AZ,2026,9,91352
04,AZ,2026,10,93296
04,AZ,2026,11,95239
04,AZ,2026,12,97183
05,AR,2026,1,28167
05,AR,2026,2,36834
05,AR,2026,3,45501
05,AR,2026,4,54168
05,AR,2026,5,62834
05,AR,2026,6,71501
05,AR,2026,7,73126
05,AR,2026,8,74751
05,AR,2026,9,76376
05,AR,2026,10,78001
05,AR,2026,11,79626
05,AR,2026,12,81252
06,CA,2026,1,39980
06,CA,2026,2,52282
06,CA,2026,3,64584
06,CA,2026,4,76886
06,CA,2026,5,89187
06,CA,2026,6,101489
06,CA,2026,7,103796
06,CA,2026,8,106102
06,CA,2026,9,108409
06,CA,2026,10,110715
06,CA,2026,11,113022
06,CA,2026,12,115329
08,CO,2026,1,43293
08,CO,2026,2,56614
08,CO,2026,3,69935
08,CO,2026,4,83256
08,CO,2026,5,96576
08,CO,2026,6,109897
08,CO,2026,7,112395
08,CO,2026,8,114893
08,CO,2026,9,117390
08,CO,2026,10,119888
08,CO,2026,11,122386
08,CO,2026,12,124884
09,CT,2026,1,47764
09,CT,2026,2,62460
09,CT,2026,3,77157
09,CT,2026,4,91854
09,CT,2026,5,106550
09,CT,2026,6,121247
09,CT,2026,7,124002
09,CT,2026,8,126758
09,CT,2026,9,129514
09,CT,2026,10,132269
09,CT,2026,11,135025
09,CT,2026,12,137781
10,DE,2026,1,39342
10,DE,2026,2,51448
10,DE,2026,3,63553
10,DE,2026,4,75659
10,DE,2026,5,87764
10,DE,2026,6,99869
10,DE,2026,7,102139
10,DE,2026,8,104409
10,DE,2026,9,106679
10,DE,2026,10,108948
10,DE,2026,11,111218
10,DE,2026,12,113488
11,DC,2026,1,61841
11,DC,2026,2,80869
11,DC,2026,3,99897
11,DC,2026,4,118926
11,DC,2026,5,137954
11,DC,2026,6,156982
11,DC,2026,7,160550
11,DC,2026,8,164117
11,DC,2026,9,167685
11,DC,2026,10,171253
11,DC,2026,11,174821
11,DC,2026,12,178389
12,FL,2026,1,32155
12,FL,2026,2,42049
12,FL,2026,3,51943
12,FL,2026,4,61837
12,FL,2026,5,71730
12,FL,2026,6,81624
12,FL,2026,7,83479
12,FL,2026,8,85335
12,FL,2026,9,87190
12,FL,2026,10,89045
12,FL,2026,11,90900
12,FL,2026,12,92755
13,GA,2026,1,34549
13,GA,2026,2,45179
13,GA,2026,3,55810
13,GA,2026,4,66441
13,GA,2026,5,77071
13,GA,2026,6,87702
13,GA,2026,7,89695
13,GA,2026,8,91688
13,GA,2026,9,93681
13,GA,2026,10,95675
13,GA,2026,11,97668
13,GA,2026,12,99661
15,HI,2026,1,41941
15,HI,2026,2,54846
15,HI,2026,3,67751
15,HI,2026,4,80656
15,HI,2026,5,93560
15,HI,2026,6,106465
15,HI,2026,7,108885
15,HI,2026,8,111305
15,HI,2026,9,113724
15,HI,2026,10,116144
15,HI,2026,11,118564
15,HI,2026,12,120984
16,ID,2026,1,32835
16,ID,2026,2,42938
16,ID,2026,3,53041
16,ID,2026,4,63145
16,ID,2026,5,73248
16,ID,2026,6,83351
16,ID,2026,7,85245
16,ID,2026,8,87140
16,ID,2026,9,89034
16,ID,2026,10,90928
16,ID,2026,11,92823
16,ID,2026,12,94717
17,IL,2026,1,39979
17,IL,2026,2,52281
17,IL,2026,3,64582
17,IL,2026,4,76884
17,IL,2026,5,89185
17,IL,2026,6,101486
17,IL,2026,7,103793
17,IL,2026,8,106099
17,IL,2026,9,108406
17,IL,2026,10,110712
17,IL,2026,11,113019
17,IL,2026,12,115326
18,IN,2026,1,33557
18,IN,2026,2,43882
18,IN,2026,3,54207
18,IN,2026,4,64533
18,IN,2026,5,74858
18,IN,2026,6,85183
18,IN,2026,7,87119
18,IN,2026,8,89055
18,IN,2026,9,90991
18,IN,2026,10,92927
18,IN,2026,11,94863
18,IN,2026,12,96799
19,IA,2026,1,36756
19,IA,2026,2,48066
19,IA,2026,3,59376
19,IA,2026,4,70686
19,IA,2026,5,81995
19,IA,2026,6,93305
19,IA,2026,7,95426
19,IA,2026,8,97546
19,IA,2026,9,99667
19,IA,2026,10,101787
19,IA,2026,11,103908
19,IA,2026,12,106029
20,KS,2026,1,35230
20,KS,2026,2,46070
20,KS,2026,3,56910
20,KS,2026,4,67751
20,KS,2026,5,78591
20,KS,2026,6,89431
20,KS,2026,7,91463
20,KS,2026,8,93496
20,KS,2026,9,95528
20,KS,2026,10,97561
20,KS,2026,11,99593
20,KS,2026,12,101626
21,KY,2026,1,31488
21,KY,2026,2,41176
21,KY,2026,3,50865
21,KY,2026,4,60554
21,KY,2026,5,70242
21,KY,2026,6,79931
21,KY,2026,7,81747
21,KY,2026,8,83564
21,KY,2026,9,85381
21,KY,2026,10,87197
21,KY,2026,11,89014
21,KY,2026,12,90831
22,LA,2026,1,30618
22,LA,2026,2,40039
22,LA,2026,3,49460
22,LA,2026,4,58882
22,LA,2026,5,68303
22,LA,2026,6,77724
22,LA,2026,7,79490
22,LA,2026,8,81257
22,LA,2026,9,83023
22,LA,2026,10,84790
22,LA,2026,11,86556
22,LA,2026,12,88323
23,ME,2026,1,36836
23,ME,2026,2,48170
23,ME,2026,3,59504
23,ME,2026,4,70839
23,ME,2026,5,82173
23,ME,2026,6,93507
23,ME,2026,7,95632
23,ME,2026,8,97757
23,ME,2026,9,99882
23,ME,2026,10,102008
23,ME,2026,11,104133
23,ME,2026,12,106258
24,MD,2026,1,48084
24,MD,2026,2,62879
24,MD,2026,3,77674
24,MD,2026,4,92470
24,MD,2026,5,107265
24,MD,2026,6,122060
24,MD,2026,7,124834
24,MD,2026,8,127608
24,MD,2026,9,130382
24,MD,2026,10,133156
24,MD,2026,11,135930
24,MD,2026,12,138705
25,MA,2026,1,51777
25,MA,2026,2,67709
25,MA,2026,3,83641
25,MA,2026,4,99573
25,MA,2026,5,115504
25,MA,2026,6,131436
25,MA,2026,7,134423
25,MA,2026,8,137410
25,MA,2026,9,140397
25,MA,2026,10,143385
25,MA,2026,11,146372
25,MA,2026,12,149359
26,MI,2026,1,36517
26,MI,2026,2,47753
26,MI,2026,3,58989
26,MI,2026,4,70225
26,MI,2026,5,81461
26,MI,2026,6,92697
26,MI,2026,7,94803
26,MI,2026,8,96910
26,MI,2026,9,99017
26,MI,2026,10,101124
26,MI,2026,11,103230
26,MI,2026,12,105337
27,MN,2026,1,44926
27,MN,2026,2,58750
27,MN,2026,3,72574
27,MN,2026,4,86398
27,MN,2026,5,100221
27,MN,2026,6,114045
27,MN,2026,7,116637
27,MN,2026,8,119229
27,MN,2026,9,121821
27,MN,2026,10,124413
27,MN,2026,11,127005
27,MN,2026,12,129597
28,MS,2026,1,26740
28,MS,2026,2,34968
28,MS,2026,3,43196
28,MS,2026,4,51424
28,MS,2026,5,59651
28,MS,2026,6,67879
28,MS,2026,7,69422
28,MS,2026,8,70965
28,MS,2026,9,72507
28,MS,2026,10,74050
28,MS,2026,11,75593
28,MS,2026,12,77136
29,MO,2026,1,34079
29,MO,2026,2,44565
29,MO,2026,3,55051
29,MO,2026,4,65537
29,MO,2026,5,76022
29,MO,2026,6,86508
29,MO,2026,7,88474
29,MO,2026,8,90441
29,MO,2026,9,92407
29,MO,2026,10,94373
29,MO,2026,11,96339
29,MO,2026,12,98305
30,MT,2026,1,33719
30,MT,2026,2,44095
30,MT,2026,3,54470
30,MT,2026,4,64846
30,MT,2026,5,75221
30,MT,2026,6,85596
30,MT,2026,7,87542
30,MT,2026,8,89487
30,MT,2026,9,91432
30,MT,2026,10,93378
30,MT,2026,11,95323
30,MT,2026,12,97269
31,NE,2026,1,36866
31,NE,2026,2,48209
31,NE,2026,3,59553
31,NE,2026,4,70897
31,NE,2026,5,82240
31,NE,2026,6,93584
31,NE,2026,7,95710
31,NE,2026,8,97837
31,NE,2026,9,99964
31,NE,2026,10,102091
31,NE,2026,11,104218
31,NE,2026,12,106345
32,NV,2026,1,31412
32,NV,2026,2,41077
32,NV,2026,3,50742
32,NV,2026,4,60408
32,NV,2026,5,70073
32,NV,2026,6,79738
32,NV,2026,7,81550
32,NV,2026,8,83363
32,NV,2026,9,85175
32,NV,2026,10,86987
32,NV,2026,11,88799
32,NV,2026,12,90612
33,NH,2026,1,47604
33,NH,2026,2,62252
33,NH,2026,3,76900
33,NH,2026,4,91548
33,NH,2026,5,106195
33,NH,2026,6,120843
33,NH,2026,7,123589
33,NH,2026,8,126336
33,NH,2026,9,129082
33,NH,2026,10,131829
33,NH,2026,11,134575
33,NH,2026,12,137322
34,NJ,2026,1,50005
34,NJ,2026,2,65392
34,NJ,2026,3,80778
34,NJ,2026,4,96165
34,NJ,2026,5,111551
34,NJ,2026,6,126937
34,NJ,2026,7,129822
34,NJ,2026,8,132707
34,NJ,2026,9,135592
34,NJ,2026,10,138477
34,NJ,2026,11,141362
34,NJ,2026,12,144247
35,NM,2026,1,27392
35,NM,2026,2,35820
35,NM,2026,3,44248
35,NM,2026,4,52677
35,NM,2026,5,61105
35,NM,2026,6,69533
35,NM,2026,7,71113
35,NM,2026,8,72694
35,NM,2026,9,74274
35,NM,2026,10,75854
35,NM,2026,11,77435
35,NM,2026,12,79015
36,NY,2026,1,41685
36,NY,2026,2,54512
36,NY,2026,3,67338
36,NY,2026,4,80165
36,NY,2026,5,92991
36,NY,2026,6,105817
36,NY,2026,7,108222
36,NY,2026,8,110627
36,NY,2026,9,113032
36,NY,2026,10,115437
36,NY,2026,11,117842
36,NY,2026,12,120247
37,NC,2026,1,34127
37,NC,2026,2,44627
37,NC,2026,3,55128
37,NC,2026,4,65629
37,NC,2026,5,76129
37,NC,2026,6,86630
37,NC,2026,7,88599
37,NC,2026,8,90568
37,NC,2026,9,92536
37,NC,2026,10,94505
37,NC,2026,11,96474
37,NC,2026,12,98443
38,ND,2026,1,40531
38,ND,2026,2,53003
38,ND,2026,3,65474
38,ND,2026,4,77946
38,ND,2026,5,90417
38,ND,2026,6,102888
38,ND,2026,7,105227
38,ND,2026,8,107565
38,ND,2026,9,109903
38,ND,2026,10,112242
38,ND,2026,11,114580
38,ND,2026,12,116919
39,OH,2026,1,35752
39,OH,2026,2,46753
39,OH,2026,3,57754
39,OH,2026,4,68755
39,OH,2026,5,79755
39,OH,2026,6,90756
39,OH,2026,7,92819
39,OH,2026,8,94881
39,OH,2026,9,96944
39,OH,2026,10,99007
39,OH,2026,11,101069
39,OH,2026,12,103132
40,OK,2026,1,29308
40,OK,2026,2,38326
40,OK,2026,3,47344
40,OK,2026,4,56362
40,OK,2026,5,65379
40,OK,2026,6,74397
40,OK,2026,7,76088
40,OK,2026,8,77779
40,OK,2026,9,79470
40,OK,2026,10,81161
40,OK,2026,11,82852
40,OK,2026,12,84543
41,OR,2026,1,38384
41,OR,2026,2,50194
41,OR,2026,3,62005
41,OR,2026,4,73816
41,OR,2026,5,85626
41,OR,2026,6,97437
41,OR,2026,7,99651
41,OR,2026,8,101866
41,OR,2026,9,104080
41,OR,2026,10,106295
41,OR,2026,11,108509
41,OR,2026,12,110724
42,PA,2026,1,39210
42,PA,2026,2,51274
42,PA,2026,3,63339
42,PA,2026,4,75404
42,PA,2026,5,87468
42,PA,2026,6,99533
42,PA,2026,7,101795
42,PA,2026,8,104057
42,PA,2026,9,106319
42,PA,2026,10,108581
42,PA,2026,11,110843
42,PA,2026,12,113106
44,RI,2026,1,42252
44,RI,2026,2,55252
44,RI,2026,3,68253
44,RI,2026,4,81254
44,RI,2026,5,94254
44,RI,2026,6,107255
44,RI,2026,7,109692
44,RI,2026,8,112130
44,RI,2026,9,114568
44,RI,2026,10,117005
44,RI,2026,11,119443
44,RI,2026,12,121881
45,SC,2026,1,31993
45,SC,2026,2,41837
45,SC,2026,3,51681
45,SC,2026,4,61525
45,SC,2026,5,71369
45,SC,2026,6,81213
45,SC,2026,7,83058
45,SC,2026,8,84904
45,SC,2026,9,86750
45,SC,2026,10,88596
45,SC,2026,11,90441
45,SC,2026,12,92287
46,SD,2026,1,34688
46,SD,2026,2,45362
46,SD,2026,3,56035
46,SD,2026,4,66709
46,SD,2026,5,77382
46,SD,2026,6,88055
46,SD,2026,7,90057
46,SD,2026,8,92058
46,SD,2026,9,94059
46,SD,2026,10,96060
46,SD,2026,11,98062
46,SD,2026,12,100063
47,TN,2026,1,32053
47,TN,2026,2,41915
47,TN,2026,3,51778
47,TN,2026,4,61641
47,TN,2026,5,71503
47,TN,2026,6,81366
47,TN,2026,7,83215
47,TN,2026,8,85064
47,TN,2026,9,86913
47,TN,2026,10,88763
47,TN,2026,11,90612
47,TN,2026,12,92461
48,TX,2026,1,33784
48,TX,2026,2,44179
48,TX,2026,3,54574
48,TX,2026,4,64970
48,TX,2026,5,75365
48,TX,2026,6,85760
48,TX,2026,7,87709
48,TX,2026,8,89658
48,TX,2026,9,91607
48,TX,2026,10,93556
48,TX,2026,11,95505
48,TX,2026,12,97455
49,UT,2026,1,36712
49,UT,2026,2,48008
49,UT,2026,3,59304
49,UT,2026,4,70600
49,UT,2026,5,81896
49,UT,2026,6,93192
49,UT,2026,7,95310
49,UT,2026,8,97427
49,UT,2026,9,99546
49,UT,2026,10,101664
49,UT,2026,11,103782
49,UT,2026,12,105900
50,VT,2026,1,41075
50,VT,2026,2,53714
50,VT,2026,3,66353
50,VT,2026,4,78992
50,VT,2026,5,91630
50,VT,2026,6,104269
50,VT,2026,7,106639
50,VT,2026,8,109008
50,VT,2026,9,111378
50,VT,2026,10,113748
50,VT,2026,11,116118
50,VT,2026,12,118488
51,VA,2026,1,43420
51,VA,2026,2,56780
51,VA,2026,3,70140
51,VA,2026,4,83500
51,VA,2026,5,96860
51,VA,2026,6,110220
51,VA,2026,7,112725
51,VA,2026,8,115229
51,VA,2026,9,117735
51,VA,2026,10,120240
51,VA,2026,11,122745
51,VA,2026,12,125250
53,WA,2026,1,43465
53,WA,2026,2,56839
53,WA,2026,3,70213
53,WA,2026,4,83587
53,WA,2026,5,96960
53,WA,2026,6,110334
53,WA,2026,7,112842
53,WA,2026,8,115350
53,WA,2026,9,117857
53,WA,2026,10,120365
53,WA,2026,11,122872
53,WA,2026,12,125380
54,WV,2026,1,29451
54,WV,2026,2,38513
54,WV,2026,3,47575
54,WV,2026,4,56637
54,WV,2026,5,65698
54,WV,2026,6,74760
54,WV,2026,7,76459
54,WV,2026,8,78159
54,WV,2026,9,79858
54,WV,2026,10,81557
54,WV,2026,11,83256
54,WV,2026,12,84955
55,WI,2026,1,38421
55,WI,2026,2,50243
55,WI,2026,3,62065
55,WI,2026,4,73888
55,WI,2026,5,85710
55,WI,2026,6,97532
55,WI,2026,7,99748
55,WI,2026,8,101965
55,WI,2026,9,104182
55,WI,2026,10,106398
55,WI,2026,11,108615
55,WI,2026,12,110832
56,WY,2026,1,35829
56,WY,2026,2,46853
56,WY,2026,3,57877
56,WY,2026,4,68902
56,WY,2026,5,79926
56,WY,2026,6,90950
56,WY,2026,7,93017
56,WY,2026,8,95084
56,WY,2026,9,97151
56,WY,2026,10,99218
56,WY,2026,11,101285
56,WY,2026,12,103353
72,PR,2026,1,13122
72,PR,2026,2,17160
72,PR,2026,3,21198
72,PR,2026,4,25236
72,PR,2026,5,29273
72,PR,2026,6,33311
72,PR,2026,7,34068
72,PR,2026,8,34825
72,PR,2026,9,35582
72,PR,2026,10,36339
72,PR,2026,11,37096
72,PR,2026,12,37854
01,AL,2027,1,31941
01,AL,2027,2,41769
01,AL,2027,3,51597
01,AL,2027,4,61426
01,AL,2027,5,71254
01,AL,2027,6,81082
01,AL,2027,7,82925
01,AL,2027,8,84767
01,AL,2027,9,86610
01,AL,2027,10,88453
01,AL,2027,11,90296
01,AL,2027,12,92139
02,AK,2027,1,43444
02,AK,2027,2,56811
02,AK,2027,3,70179
02,AK,2027,4,83547
02,AK,2027,5,96914
02,AK,2027,6,110282
02,AK,2027,7,112788
02,AK,2027,8,115294
02,AK,2027,9,117801
02,AK,2027,10,120307
02,AK,2027,11,122814
02,AK,2027,12,125320
04,AZ,2027,1,35238
04,AZ,2027,2,46081
04,AZ,2027,3,56924
04,AZ,2027,4,67767
04,AZ,2027,5,78609
04,AZ,2027,6,89452
04,AZ,2027,7,91485
04,AZ,2027,8,93518
04,AZ,2027,9,95551
04,AZ,2027,10,97584
04,AZ,2027,11,99617
04,AZ,2027,12,101650
05,AR,2027,1,29523
05,AR,2027,2,38607
05,AR,2027,3,47691
05,AR,2027,4,56776
05,AR,2027,5,65860
05,AR,2027,6,74944
05,AR,2027,7,76647
05,AR,2027,8,78350
05,AR,2027,9,80054
05,AR,2027,10,81757
05,AR,2027,11,83460
05,AR,2027,12,85164
06,CA,2027,1,41502
06,CA,2027,2,54272
06,CA,2027,3,67042
06,CA,2027,4,79812
06,CA,2027,5,92581
06,CA,2027,6,105351
06,CA,2027,7,107746
06,CA,2027,8,110140
06,CA,2027,9,112534
06,CA,2027,10,114929
06,CA,2027,11,117323
06,CA,2027,12,119718
08,CO,2027,1,45295
08,CO,2027,2,59232
08,CO,2027,3,73169
08,CO,2027,4,87106
08,CO,2027,5,101042
08,CO,2027,6,114979
08,CO,2027,7,117593
08,CO,2027,8,120206
08,CO,2027,9,122819
08,CO,2027,10,125432
08,CO,2027,11,128045
08,CO,2027,12,130659
09,CT,2027,1,48714
09,CT,2027,2,63703
09,CT,2027,3,78692
09,CT,2027,4,93681
09,CT,2027,5,108669
09,CT,2027,6,123658
09,CT,2027,7,126469
09,CT,2027,8,129279
09,CT,2027,9,132090
09,CT,2027,10,134900
09,CT,2027,11,137711
09,CT,2027,12,140521
10,DE,2027,1,40380
10,DE,2027,2,52804
10,DE,2027,3,65229
10,DE,2027,4,77654
10,DE,2027,5,90078
10,DE,2027,6,102503
10,DE,2027,7,104832
10,DE,2027,8,107162
10,DE,2027,9,109492
10,DE,2027,10,111821
10,DE,2027,11,114151
10,DE,2027,12,116481
11,DC,2027,1,63024
11,DC,2027,2,82416
11,DC,2027,3,101808
11,DC,2027,4,121200
11,DC,2027,5,140592
11,DC,2027,6,159984
11,DC,2027,7,163620
11,DC,2027,8,167256
11,DC,2027,9,170892
11,DC,2027,10,174528
11,DC,2027,11,178164
11,DC,2027,12,181800
12,FL,2027,1,33733
12,FL,2027,2,44113
12,FL,2027,3,54493
12,FL,2027,4,64873
12,FL,2027,5,75252
12,FL,2027,6,85632
12,FL,2027,7,87578
12,FL,2027,8,89524
12,FL,2027,9,91470
12,FL,2027,10,93417
12,FL,2027,11,95363
12,FL,2027,12,97309
13,GA,2027,1,35916
13,GA,2027,2,46967
13,GA,2027,3,58018
13,GA,2027,4,69070
13,GA,2027,5,80121
13,GA,2027,6,91172
13,GA,2027,7,93244
13,GA,2027,8,95316
13,GA,2027,9,97388
13,GA,2027,10,99460
13,GA,2027,11,101532
13,GA,2027,12,103605
15,HI,2027,1,43200
15,HI,2027,2,56492
15,HI,2027,3,69784
15,HI,2027,4,83077
15,HI,2027,5,96369
15,HI,2027,6,109661
15,HI,2027,7,112153
15,HI,2027,8,114646
15,HI,2027,9,117138
15,HI,2027,10,119630
15,HI,2027,11,122123
15,HI,2027,12,124615
16,ID,2027,1,34030
16,ID,2027,2,44501
16,ID,2027,3,54972
16,ID,2027,4,65443
16,ID,2027,5,75913
16,ID,2027,6,86384
16,ID,2027,7,88348
16,ID,2027,8,90311
16,ID,2027,9,92274
16,ID,2027,10,94237
16,ID,2027,11,96201
16,ID,2027,12,98164
17,IL,2027,1,41290
17,IL,2027,2,53995
17,IL,2027,3,66700
17,IL,2027,4,79405
17,IL,2027,5,92109
17,IL,2027,6,104814
17,IL,2027,7,107196
17,IL,2027,8,109578
17,IL,2027,9,111961
17,IL,2027,10,114343
17,IL,2027,11,116725
17,IL,2027,12,119107
18,IN,2027,1,34635
18,IN,2027,2,45292
18,IN,2027,3,55949
18,IN,2027,4,66607
18,IN,2027,5,77264
18,IN,2027,6,87921
18,IN,2027,7,89919
18,IN,2027,8,91917
18,IN,2027,9,93915
18,IN,2027,10,95914
18,IN,2027,11,97912
18,IN,2027,12,99910
19,IA,2027,1,38147
19,IA,2027,2,49885
19,IA,2027,3,61623
19,IA,2027,4,73361
19,IA,2027,5,85098
19,IA,2027,6,96836
19,IA,2027,7,99037
19,IA,2027,8,101238
19,IA,2027,9,103439
19,IA,2027,10,105639
19,IA,2027,11,107840
19,IA,2027,12,110041
20,KS,2027,1,36733
20,KS,2027,2,48035
20,KS,2027,3,59338
20,KS,2027,4,70641
20,KS,2027,5,81943
20,KS,2027,6,93246
20,KS,2027,7,95365
20,KS,2027,8,97484
20,KS,2027,9,99603
20,KS,2027,10,101723
20,KS,2027,11,103842
20,KS,2027,12,105961
21,KY,2027,1,32489
21,KY,2027,2,42485
21,KY,2027,3,52482
21,KY,2027,4,62479
21,KY,2027,5,72475
21,KY,2027,6,82472
21,KY,2027,7,84346
21,KY,2027,8,86221
21,KY,2027,9,88095
21,KY,2027,10,89969
21,KY,2027,11,91844
21,KY,2027,12,93718
22,LA,2027,1,31398
22,LA,2027,2,41059
22,LA,2027,3,50720
22,LA,2027,4,60381
22,LA,2027,5,70041
22,LA,2027,6,79702
22,LA,2027,7,81514
22,LA,2027,8,83325
22,LA,2027,9,85137
22,LA,2027,10,86948
22,LA,2027,11,88760
22,LA,2027,12,90571
23,ME,2027,1,38070
23,ME,2027,2,49784
23,ME,2027,3,61498
23,ME,2027,4,73213
23,ME,2027,5,84927
23,ME,2027,6,96641
23,ME,2027,7,98837
23,ME,2027,8,101033
23,ME,2027,9,103230
23,ME,2027,10,105426
23,ME,2027,11,107623
23,ME,2027,12,109819
24,MD,2027,1,49354
24,MD,2027,2,64540
24,MD,2027,3,79726
24,MD,2027,4,94912
24,MD,2027,5,110097
24,MD,2027,6,125283
24,MD,2027,7,128131
24,MD,2027,8,130978
24,MD,2027,9,133825
24,MD,2027,10,136673
24,MD,2027,11,139520
24,MD,2027,12,142368
25,MA,2027,1,53585
25,MA,2027,2,70073
25,MA,2027,3,86561
25,MA,2027,4,103049
25,MA,2027,5,119536
25,MA,2027,6,136024
25,MA,2027,7,139116
25,MA,2027,8,142207
25,MA,2027,9,145299
25,MA,2027,10,148390
25,MA,2027,11,151482
25,MA,2027,12,154573
26,MI,2027,1,37372
26,MI,2027,2,48872
26,MI,2027,3,60371
26,MI,2027,4,71871
26,MI,2027,5,83370
26,MI,2027,6,94869
26,MI,2027,7,97025
26,MI,2027,8,99181
26,MI,2027,9,101338
26,MI,2027,10,103494
26,MI,2027,11,105650
26,MI,2027,12,107806
27,MN,2027,1,46156
27,MN,2027,2,60358
27,MN,2027,3,74560
27,MN,2027,4,88763
27,MN,2027,5,102965
27,MN,2027,6,117167
27,MN,2027,7,119830
27,MN,2027,8,122492
27,MN,2027,9,125155
27,MN,2027,10,127818
27,MN,2027,11,130481
27,MN,2027,12,133144
28,MS,2027,1,28087
28,MS,2027,2,36730
28,MS,2027,3,45372
28,MS,2027,4,54015
28,MS,2027,5,62657
28,MS,2027,6,71299
28,MS,2027,7,72920
28,MS,2027,8,74540
28,MS,2027,9,76161
28,MS,2027,10,77781
28,MS,2027,11,79402
28,MS,2027,12,81022
29,MO,2027,1,35298
29,MO,2027,2,46159
29,MO,2027,3,57020
29,MO,2027,4,67882
29,MO,2027,5,78743
29,MO,2027,6,89604
29,MO,2027,7,91640
29,MO,2027,8,93677
29,MO,2027,9,95713
29,MO,2027,10,97750
29,MO,2027,11,99786
29,MO,2027,12,101823
30,MT,2027,1,36120
30,MT,2027,2,47234
30,MT,2027,3,58348
30,MT,2027,4,69463
30,MT,2027,5,80577
30,MT,2027,6,91691
30,MT,2027,7,93775
30,MT,2027,8,95858
30,MT,2027,9,97942
30,MT,2027,10,100026
30,MT,2027,11,102110
30,MT,2027,12,104194
31,NE,2027,1,38015
31,NE,2027,2,49712
31,NE,2027,3,61409
31,NE,2027,4,73106
31,NE,2027,5,84802
31,NE,2027,6,96499
31,NE,2027,7,98693
31,NE,2027,8,100886
31,NE,2027,9,103079
31,NE,2027,10,105272
31,NE,2027,11,107465
31,NE,2027,12,109659
32,NV,2027,1,32768
32,NV,2027,2,42850
32,NV,2027,3,52933
32,NV,2027,4,63016
32,NV,2027,5,73098
32,NV,2027,6,83181
32,NV,2027,7,85071
32,NV,2027,8,86962
32,NV,2027,9,88852
32,NV,2027,10,90743
32,NV,2027,11,92633
32,NV,2027,12,94524
33,NH,2027,1,48713
33,NH,2027,2,63702
33,NH,2027,3,78691
33,NH,2027,4,93680
33,NH,2027,5,108668
33,NH,2027,6,123657
33,NH,2027,7,126468
33,NH,2027,8,129278
33,NH,2027,9,132088
33,NH,2027,10,134899
33,NH,2027,11,137709
33,NH,2027,12,140520
34,NJ,2027,1,51273
34,NJ,2027,2,67049
34,NJ,2027,3,82825
34,NJ,2027,4,98602
34,NJ,2027,5,114378
34,NJ,2027,6,130154
34,NJ,2027,7,133112
34,NJ,2027,8,136070
34,NJ,2027,9,139028
34,NJ,2027,10,141986
34,NJ,2027,11,144944
34,NJ,2027,12,147903
35,NM,2027,1,28854
35,NM,2027,2,37732
35,NM,2027,3,46610
35,NM,2027,4,55489
35,NM,2027,5,64367
35,NM,2027,6,73245
35,NM,2027,7,74910
35,NM,2027,8,76574
35,NM,2027,9,78239
35,NM,2027,10,79904
35,NM,2027,11,81568
35,NM,2027,12,83233
36,NY,2027,1,42759
36,NY,2027,2,55916
36,NY,2027,3,69073
36,NY,2027,4,82230
36,NY,2027,5,95386
36,NY,2027,6,108543
36,NY,2027,7,111010
36,NY,2027,8,113477
36,NY,2027,9,115944
36,NY,2027,10,118411
36,NY,2027,11,120878
36,NY,2027,12,123345
37,NC,2027,1,35257
37,NC,2027,2,46106
37,NC,2027,3,56954
37,NC,2027,4,67803
37,NC,2027,5,78651
37,NC,2027,6,89499
37,NC,2027,7,91534
37,NC,2027,8,93568
37,NC,2027,9,95602
37,NC,2027,10,97636
37,NC,2027,11,99670
37,NC,2027,12,101704
38,ND,2027,1,41356
38,ND,2027,2,54081
38,ND,2027,3,66806
38,ND,2027,4,79532
38,ND,2027,5,92257
38,ND,2027,6,104982
38,ND,2027,7,107368
38,ND,2027,8,109754
38,ND,2027,9,112140
38,ND,2027,10,114526
38,ND,2027,11,116912
38,ND,2027,12,119298
39,OH,2027,1,36756
39,OH,2027,2,48066
39,OH,2027,3,59376
39,OH,2027,4,70686
39,OH,2027,5,81995
39,OH,2027,6,93305
39,OH,2027,7,95426
39,OH,2027,8,97546
39,OH,2027,9,99667
39,OH,2027,10,101787
39,OH,2027,11,103908
39,OH,2027,12,106029
40,OK,2027,1,30116
40,OK,2027,2,39382
40,OK,2027,3,48649
40,OK,2027,4,57916
40,OK,2027,5,67182
40,OK,2027,6,76449
40,OK,2027,7,78186
40,OK,2027,8,79924
40,OK,2027,9,81661
40,OK,2027,10,83399
40,OK,2027,11,85136
40,OK,2027,12,86874
41,OR,2027,1,40326
41,OR,2027,2,52734
41,OR,2027,3,65142
41,OR,2027,4,77550
41,OR,2027,5,89958
41,OR,2027,6,102366
41,OR,2027,7,104692
41,OR,2027,8,107018
41,OR,2027,9,109345
41,OR,2027,10,111672
41,OR,2027,11,113998
41,OR,2027,12,116325
42,PA,2027,1,40460
42,PA,2027,2,52910
42,PA,2027,3,65359
42,PA,2027,4,77809
42,PA,2027,5,90258
42,PA,2027,6,102707
42,PA,2027,7,105042
42,PA,2027,8,107376
42,PA,2027,9,109710
42,PA,2027,10,112044
42,PA,2027,11,114379
42,PA,2027,12,116713
44,RI,2027,1,43410
44,RI,2027,2,56767
44,RI,2027,3,70124
44,RI,2027,4,83481
44,RI,2027,5,96837
44,RI,2027,6,110194
44,RI,2027,7,112699
44,RI,2027,8,115203
44,RI,2027,9,117708
44,RI,2027,10,120212
44,RI,2027,11,122717
44,RI,2027,12,125221
45,SC,2027,1,33218
45,SC,2027,2,43439
45,SC,2027,3,53660
45,SC,2027,4,63882
45,SC,2027,5,74103
45,SC,2027,6,84324
45,SC,2027,7,86240
45,SC,2027,8,88157
45,SC,2027,9,90073
45,SC,2027,10,91990
45,SC,2027,11,93906
45,SC,2027,12,95823
46,SD,2027,1,36816
46,SD,2027,2,48144
46,SD,2027,3,59472
46,SD,2027,4,70801
46,SD,2027,5,82129
46,SD,2027,6,93457
46,SD,2027,7,95581
46,SD,2027,8,97705
46,SD,2027,9,99829
46,SD,2027,10,101953
46,SD,2027,11,104077
46,SD,2027,12,106201
47,TN,2027,1,32861
47,TN,2027,2,42973
47,TN,2027,3,53084
47,TN,2027,4,63196
47,TN,2027,5,73307
47,TN,2027,6,83418
47,TN,2027,7,85314
47,TN,2027,8,87210
47,TN,2027,9,89106
47,TN,2027,10,91002
47,TN,2027,11,92898
47,TN,2027,12,94794
48,TX,2027,1,35018
48,TX,2027,2,45793
48,TX,2027,3,56568
48,TX,2027,4,67343
48,TX,2027,5,78117
48,TX,2027,6,88892
48,TX,2027,7,90913
48,TX,2027,8,92933
48,TX,2027,9,94953
48,TX,2027,10,96973
48,TX,2027,11,98994
48,TX,2027,12,101014
49,UT,2027,1,38190
49,UT,2027,2,49941
49,UT,2027,3,61692
49,UT,2027,4,73444
49,UT,2027,5,85195
49,UT,2027,6,96946
49,UT,2027,7,99149
49,UT,2027,8,101352
49,UT,2027,9,103556
49,UT,2027,10,105759
49,UT,2027,11,107962
49,UT,2027,12,110166
50,VT,2027,1,42221
50,VT,2027,2,55212
50,VT,2027,3,68203
50,VT,2027,4,81195
50,VT,2027,5,94186
50,VT,2027,6,107177
50,VT,2027,7,109613
50,VT,2027,8,112049
50,VT,2027,9,114484
50,VT,2027,10,116920
50,VT,2027,11,119356
50,VT,2027,12,121792
51,VA,2027,1,44776
51,VA,2027,2,58554
51,VA,2027,3,72331
51,VA,2027,4,86109
51,VA,2027,5,99886
51,VA,2027,6,113663
51,VA,2027,7,116247
51,VA,2027,8,118830
51,VA,2027,9,121413
51,VA,2027,10,123996
51,VA,2027,11,126580
51,VA,2027,12,129163
53,WA,2027,1,45806
53,WA,2027,2,59900
53,WA,2027,3,73994
53,WA,2027,4,88089
53,WA,2027,5,102183
53,WA,2027,6,116277
53,WA,2027,7,118920
53,WA,2027,8,121562
53,WA,2027,9,124205
53,WA,2027,10,126848
53,WA,2027,11,129490
53,WA,2027,12,132133
54,WV,2027,1,30603
54,WV,2027,2,40019
54,WV,2027,3,49435
54,WV,2027,4,58852
54,WV,2027,5,68268
54,WV,2027,6,77684
54,WV,2027,7,79450
54,WV,2027,8,81215
54,WV,2027,9,82981
54,WV,2027,10,84746
54,WV,2027,11,86512
54,WV,2027,12,88278
55,WI,2027,1,39863
55,WI,2027,2,52129
55,WI,2027,3,64395
55,WI,2027,4,76661
55,WI,2027,5,88926
55,WI,2027,6,101192
55,WI,2027,7,103492
55,WI,2027,8,105792
55,WI,2027,9,108092
55,WI,2027,10,110391
55,WI,2027,11,112691
55,WI,2027,12,114991
56,WY,2027,1,35858
56,WY,2027,2,46892
56,WY,2027,3,57925
56,WY,2027,4,68959
56,WY,2027,5,79992
56,WY,2027,6,91025
56,WY,2027,7,93094
56,WY,2027,8,95163
56,WY,2027,9,97232
56,WY,2027,10,99300
56,WY,2027,11,101369
56,WY,2027,12,103438
72,PR,2027,1,13946
72,PR,2027,2,18238
72,PR,2027,3,22529
72,PR,2027,4,26821
72,PR,2027,5,31112
72,PR,2027,6,35403
72,PR,2027,7,36208
72,PR,2027,8,37012
72,PR,2027,9,37817
72,PR,2027,10,38622
72,PR,2027,11,39426
72,PR,2027,12,40231
