state_fips,fy,im_number,publication_date,source_url
01,2025,LIHEAP-IM2024-02,2024-02-07,https://acf.gov/ocs/policy-guidance/liheap-information-memoranda
02,2025,LIHEAP-IM2024-02,2024-02-07,https://acf.gov/ocs/policy-guidance/liheap-information-memoranda
04,2025,LIHEAP-IM2024-02,2024-02-07,https://acf.gov/ocs/policy-guidance/liheap-information-memoranda
05,2025,LIHEAP-IM2024-02,2024-02-07,https://acf.gov/ocs/policy-guidance/liheap-information-memoranda
06,2025,LIHEAP-IM2024-02,2024-02-07,https://acf.gov/ocs/policy-guidance/liheap-information-memoranda
08,2025,LIHEAP-IM2024-02,2024-02-07,https://acf.gov/ocs/policy-guidance/liheap-information-memoranda
09,2025,LIHEAP-IM2024-02,2024-02-07,https://acf.gov/ocs/policy-guidance/liheap-information-memoranda
10,2025,LIHEAP-IM2024-02,2024-02-07,https://acf.gov/ocs/policy-guidance/liheap-information-memoranda
11,2025,LIHEAP-IM2024-02,2024-02-07,https://acf.gov/ocs/policy-guidance/liheap-information-memoranda
12,2025,LIHEAP-IM2024-02,2024-02-07,https://acf.gov/ocs/policy-guidance/liheap-information-memoranda
13,2025,LIHEAP-IM2024-02,2024-02-07,https://acf.gov/ocs/policy-guidance/liheap-information-memoranda
15,2025,LIHEAP-IM2024-02,2024-02-07,https://acf.gov/ocs/policy-guidance/liheap-information-memoranda
16,2025,LIHEAP-IM2024-02,2024-02-07,https://acf.gov/ocs/policy-guidance/liheap-information-memoranda
17,2025,LIHEAP-IM2024-02,2024-02-07,https://acf.gov/ocs/policy-guidance/liheap-information-memoranda
18,2025,LIHEAP-IM2024-02,2024-02-07,https://acf.gov/ocs/policy-guidance/liheap-information-memoranda
19,2025,LIHEAP-IM2024-02,2024-02-07,https://acf.gov/ocs/policy-guidance/liheap-information-memoranda
20,2025,LIHEAP-IM2024-02,2024-02-07,https://acf.gov/ocs/policy-guidance/liheap-information-memoranda
21,2025,LIHEAP-IM2024-02,2024-02-07,https://acf.gov/ocs/policy-guidance/liheap-information-memoranda
22,2025,LIHEAP-IM2024-02,2024-02-07,https://acf.gov/ocs/policy-guidance/liheap-information-memoranda
23,2025,LIHEAP-IM2024-02,2024-02-07,https://acf.gov/ocs/policy-guidance/liheap-information-memoranda
24,2025,LIHEAP-IM2024-02,2024-02-07,https://acf.gov/ocs/policy-guidance/liheap-information-memoranda
25,2025,LIHEAP-IM2024-02,2024-02-07,https://acf.gov/ocs/policy-guidance/liheap-information-memoranda
26,2025,LIHEAP-IM2024-02,2024-02-07,https://acf.gov/ocs/policy-guidance/liheap-information-memoranda
27,2025,LIHEAP-IM2024-02,2024-02-07,https://acf.gov/ocs/policy-guidance/liheap-information-memoranda
28,2025,LIHEAP-IM2024-02,2024-02-07,https://acf.gov/ocs/policy-guidance/liheap-information-memoranda
29,2025,LIHEAP-IM2024-02,2024-02-07,https://acf.gov/ocs/policy-guidance/liheap-information-memoranda
30,2025,LIHEAP-IM2024-02,2024-02-07,https://acf.gov/ocs/policy-guidance/liheap-information-memoranda
31,2025,LIHEAP-IM2024-02,2024-02-07,https://acf.gov/ocs/policy-guidance/liheap-information-memoranda
32,2025,LIHEAP-IM2024-02,2024-02-07,https://acf.gov/ocs/policy-guidance/liheap-information-memoranda
33,2025,LIHEAP-IM2024-02,2024-02-07,https://acf.gov/ocs/policy-guidance/liheap-information-memoranda
34,2025,LIHEAP-IM2024-02,2024-02-07,https://acf.gov/ocs/policy-guidance/liheap-information-memoranda
35,2025,LIHEAP-IM2024-02,2024-02-07,https://acf.gov/ocs/policy-guidance/liheap-information-memoranda
36,2025,LIHEAP-IM2024-02,2024-02-07,https://acf.gov/ocs/policy-guidance/liheap-information-memoranda
37,2025,LIHEAP-IM2024-02,2024-02-07,https://acf.gov/ocs/policy-guidance/liheap-information-memoranda
38,2025,LIHEAP-IM2024-02,2024-02-07,https://acf.gov/ocs/policy-guidance/liheap-information-memoranda
39,2025,LIHEAP-IM2024-02,2024-02-07,https://acf.gov/ocs/policy-guidance/liheap-information-memoranda
40,2025,LIHEAP-IM2024-02,2024-02-07,https://acf.gov/ocs/policy-guidance/liheap-information-memoranda
41,2025,LIHEAP-IM2024-02,2024-02-07,https://acf.gov/ocs/policy-guidance/liheap-information-memoranda
42,2025,LIHEAP-IM2024-02,2024-02-07,https://acf.gov/ocs/policy-guidance/liheap-information-memoranda
44,2025,LIHEAP-IM2024-02,2024-02-07,https://acf.gov/ocs/policy-guidance/liheap-information-memoranda
45,2025,LIHEAP-IM2024-02,2024-02-07,https://acf.gov/ocs/policy-guidance/liheap-information-memoranda
46,2025,LIHEAP-IM2024-02,2024-02-07,https://acf.gov/ocs/policy-guidance/liheap-information-memoranda
47,2025,LIHEAP-IM2024-02,2024-02-07,https://acf.gov/ocs/policy-guidance/liheap-information-memoranda
48,2025,LIHEAP-IM2024-02,2024-02-07,https://acf.gov/ocs/policy-guidance/liheap-information-memoranda
49,2025,LIHEAP-IM2024-02,2024-02-07,https://acf.gov/ocs/policy-guidance/liheap-information-memoranda
50,2025,LIHEAP-IM2024-02,2024-02-07,https://acf.gov/ocs/policy-guidance/liheap-information-memoranda
51,2025,LIHEAP-IM2024-02,2024-02-07,https://acf.gov/ocs/policy-guidance/liheap-information-memoranda
53,2025,LIHEAP-IM2024-02,2024-02-07,https://acf.gov/ocs/policy-guidance/liheap-information-memoranda
54,2025,LIHEAP-IM2024-02,2024-02-07,https://acf.gov/ocs/policy-guidance/liheap-information-memoranda
55,2025,LIHEAP-IM2024-02,2024-02-07,https://acf.gov/ocs/policy-guidance/liheap-information-memoranda
56,2025,LIHEAP-IM2024-02,2024-02-07,https://acf.gov/ocs/policy-guidance/liheap-information-memoranda
72,2025,LIHEAP-IM2024-02,2024-02-07,https://acf.gov/ocs/policy-guidance/liheap-information-memoranda
01,2026,LIHEAP-IM2025-02,2025-02-07,https://acf.gov/ocs/policy-guidance/liheap-im2025-02-federal-poverty-guidelines-and-state-median-income-estimates
02,2026,LIHEAP-IM2025-02,2025-02-07,https://acf.gov/ocs/policy-guidance/liheap-im2025-02-federal-poverty-guidelines-and-state-median-income-estimates
04,2026,LIHEAP-IM2025-02,2025-02-07,https://acf.gov/ocs/policy-guidance/liheap-im2025-02-federal-poverty-guidelines-and-state-median-income-estimates
05,2026,LIHEAP-IM2025-02,2025-02-07,https://acf.gov/ocs/policy-guidance/liheap-im2025-02-federal-poverty-guidelines-and-state-median-income-estimates
06,2026,LIHEAP-IM2025-02,2025-02-07,https://acf.gov/ocs/policy-guidance/liheap-im2025-02-federal-poverty-guidelines-and-state-median-income-estimates
08,2026,LIHEAP-IM2025-02,2025-02-07,https://acf.gov/ocs/policy-guidance/liheap-im2025-02-federal-poverty-guidelines-and-state-median-income-estimates
09,2026,LIHEAP-IM2025-02,2025-02-07,https://acf.gov/ocs/policy-guidance/liheap-im2025-02-federal-poverty-guidelines-and-state-median-income-estimates
10,2026,LIHEAP-IM2025-02,2025-02-07,https://acf.gov/ocs/policy-guidance/liheap-im2025-02-federal-poverty-guidelines-and-state-median-income-estimates
11,2026,LIHEAP-IM2025-02,2025-02-07,https://acf.gov/ocs/policy-guidance/liheap-im2025-02-federal-poverty-guidelines-and-state-median-income-estimates
12,2026,LIHEAP-IM2025-02,2025-02-07,https://acf.gov/ocs/policy-guidance/liheap-im2025-02-federal-poverty-guidelines-and-state-median-income-estimates
13,2026,LIHEAP-IM2025-02,2025-02-07,https://acf.gov/ocs/policy-guidance/liheap-im2025-02-federal-poverty-guidelines-and-state-median-income-estimates
15,2026,LIHEAP-IM2025-02,2025-02-07,https://acf.gov/ocs/policy-guidance/liheap-im2025-02-federal-poverty-guidelines-and-state-median-income-estimates
16,2026,LIHEAP-IM2025-02,2025-02-07,https://acf.gov/ocs/policy-guidance/liheap-im2025-02-federal-poverty-guidelines-and-state-median-income-estimates
17,2026,LIHEAP-IM2025-02,2025-02-07,https://acf.gov/ocs/policy-guidance/liheap-im2025-02-federal-poverty-guidelines-and-state-median-income-estimates
18,2026,LIHEAP-IM2025-02,2025-02-07,https://acf.gov/ocs/policy-guidance/liheap-im2025-02-federal-poverty-guidelines-and-state-median-income-estimates
19,2026,LIHEAP-IM2025-02,2025-02-07,https://acf.gov/ocs/policy-guidance/liheap-im2025-02-federal-poverty-guidelines-and-state-median-income-estimates
20,2026,LIHEAP-IM2025-02,2025-02-07,https://acf.gov/ocs/policy-guidance/liheap-im2025-02-federal-poverty-guidelines-and-state-median-income-estimates
21,2026,LIHEAP-IM2025-02,2025-02-07,https://acf.gov/ocs/policy-guidance/liheap-im2025-02-federal-poverty-guidelines-and-state-median-income-estimates
22,2026,LIHEAP-IM2025-02,2025-02-07,https://acf.gov/ocs/policy-guidance/liheap-im2025-02-federal-poverty-guidelines-and-state-median-income-estimates
23,2026,LIHEAP-IM2025-02,2025-02-07,https://acf.gov/ocs/policy-guidance/liheap-im2025-02-federal-poverty-guidelines-and-state-median-income-estimates
24,2026,LIHEAP-IM2025-02,2025-02-07,https://acf.gov/ocs/policy-guidance/liheap-im2025-02-federal-poverty-guidelines-and-state-median-income-estimates
25,2026,LIHEAP-IM2025-02,2025-02-07,https://acf.gov/ocs/policy-guidance/liheap-im2025-02-federal-poverty-guidelines-and-state-median-income-estimates
26,2026,LIHEAP-IM2025-02,2025-02-07,https://acf.gov/ocs/policy-guidance/liheap-im2025-02-federal-poverty-guidelines-and-state-median-income-estimates
27,2026,LIHEAP-IM2025-02,2025-02-07,https://acf.gov/ocs/policy-guidance/liheap-im2025-02-federal-poverty-guidelines-and-state-median-income-estimates
28,2026,LIHEAP-IM2025-02,2025-02-07,https://acf.gov/ocs/policy-guidance/liheap-im2025-02-federal-poverty-guidelines-and-state-median-income-estimates
29,2026,LIHEAP-IM2025-02,2025-02-07,https://acf.gov/ocs/policy-guidance/liheap-im2025-02-federal-poverty-guidelines-and-state-median-income-estimates
30,2026,LIHEAP-IM2025-02,2025-02-07,https://acf.gov/ocs/policy-guidance/liheap-im2025-02-federal-poverty-guidelines-and-state-median-income-estimates
31,2026,LIHEAP-IM2025-02,2025-02-07,https://acf.gov/ocs/policy-guidance/liheap-im2025-02-federal-poverty-guidelines-and-state-median-income-estimates
32,2026,LIHEAP-IM2025-02,2025-02-07,https://acf.gov/ocs/policy-guidance/liheap-im2025-02-federal-poverty-guidelines-and-state-median-income-estimates
33,2026,LIHEAP-IM2025-02,2025-02-07,https://acf.gov/ocs/policy-guidance/liheap-im2025-02-federal-poverty-guidelines-and-state-median-income-estimates
34,2026,LIHEAP-IM2025-02,2025-02-07,https://acf.gov/ocs/policy-guidance/liheap-im2025-02-federal-poverty-guidelines-and-state-median-income-estimates
35,2026,LIHEAP-IM2025-02,2025-02-07,https://acf.gov/ocs/policy-guidance/liheap-im2025-02-federal-poverty-guidelines-and-state-median-income-estimates
36,2026,LIHEAP-IM2025-02,2025-02-07,https://acf.gov/ocs/policy-guidance/liheap-im2025-02-federal-poverty-guidelines-and-state-median-income-estimates
37,2026,LIHEAP-IM2025-02,2025-02-07,https://acf.gov/ocs/policy-guidance/liheap-im2025-02-federal-poverty-guidelines-and-state-median-income-estimates
38,2026,LIHEAP-IM2025-02,2025-02-07,https://acf.gov/ocs/policy-guidance/liheap-im2025-02-federal-poverty-guidelines-and-state-median-income-estimates
39,2026,LIHEAP-IM2025-02,2025-02-07,https://acf.gov/ocs/policy-guidance/liheap-im2025-02-federal-poverty-guidelines-and-state-median-income-estimates
40,2026,LIHEAP-IM2025-02,2025-02-07,https://acf.gov/ocs/policy-guidance/liheap-im2025-02-federal-poverty-guidelines-and-state-median-income-estimates
41,2026,LIHEAP-IM2025-02,2025-02-07,https://acf.gov/ocs/policy-guidance/liheap-im2025-02-federal-poverty-guidelines-and-state-median-income-estimates
42,2026,LIHEAP-IM2025-02,2025-02-07,https://acf.gov/ocs/policy-guidance/liheap-im2025-02-federal-poverty-guidelines-and-state-median-income-estimates
44,2026,LIHEAP-IM2025-02,2025-02-07,https://acf.gov/ocs/policy-guidance/liheap-im2025-02-federal-poverty-guidelines-and-state-median-income-estimates
45,2026,LIHEAP-IM2025-02,2025-02-07,https://acf.gov/ocs/policy-guidance/liheap-im2025-02-federal-poverty-guidelines-and-state-median-income-estimates
46,2026,LIHEAP-IM2025-02,2025-02-07,https://acf.gov/ocs/policy-guidance/liheap-im2025-02-federal-poverty-guidelines-and-state-median-income-estimates
47,2026,LIHEAP-IM2025-02,2025-02-07,https://acf.gov/ocs/policy-guidance/liheap-im2025-02-federal-poverty-guidelines-and-state-median-income-estimates
48,2026,LIHEAP-IM2025-02,2025-02-07,https://acf.gov/ocs/policy-guidance/liheap-im2025-02-federal-poverty-guidelines-and-state-median-income-estimates
49,2026,LIHEAP-IM2025-02,2025-02-07,https://acf.gov/ocs/policy-guidance/liheap-im2025-02-federal-poverty-guidelines-and-state-median-income-estimates
50,2026,LIHEAP-IM2025-02,2025-02-07,https://acf.gov/ocs/policy-guidance/liheap-im2025-02-federal-poverty-guidelines-and-state-median-income-estimates
51,2026,LIHEAP-IM2025-02,2025-02-07,https://acf.gov/ocs/policy-guidance/liheap-im2025-02-federal-poverty-guidelines-and-state-median-income-estimates
53,2026,LIHEAP-IM2025-02,2025-02-07,https://acf.gov/ocs/policy-guidance/liheap-im2025-02-federal-poverty-guidelines-and-state-median-income-estimates
54,2026,LIHEAP-IM2025-02,2025-02-07,https://acf.gov/ocs/policy-guidance/liheap-im2025-02-federal-poverty-guidelines-and-state-median-income-estimates
55,2026,LIHEAP-IM2025-02,2025-02-07,https://acf.gov/ocs/policy-guidance/liheap-im2025-02-federal-poverty-guidelines-and-state-median-income-estimates
56,2026,LIHEAP-IM2025-02,2025-02-07,https://acf.gov/ocs/policy-guidance/liheap-im2025-02-federal-poverty-guidelines-and-state-median-income-estimates
72,2026,LIHEAP-IM2025-02,2025-02-07,https://acf.gov/ocs/policy-guidance/liheap-im2025-02-federal-poverty-guidelines-and-state-median-income-estimates
01,2027,LIHEAP-FY2027-Att4,2026-02-09,https://acf.gov/ocs/policy-guidance/liheap-information-memoranda
02,2027,LIHEAP-FY2027-Att4,2026-02-09,https://acf.gov/ocs/policy-guidance/liheap-information-memoranda
04,2027,LIHEAP-FY2027-Att4,2026-02-09,https://acf.gov/ocs/policy-guidance/liheap-information-memoranda
05,2027,LIHEAP-FY2027-Att4,2026-02-09,https://acf.gov/ocs/policy-guidance/liheap-information-memoranda
06,2027,LIHEAP-FY2027-Att4,2026-02-09,https://acf.gov/ocs/policy-guidance/liheap-information-memoranda
08,2027,LIHEAP-FY2027-Att4,2026-02-09,https://acf.gov/ocs/policy-guidance/liheap-information-memoranda
09,2027,LIHEAP-FY2027-Att4,2026-02-09,https://acf.gov/ocs/policy-guidance/liheap-information-memoranda
10,2027,LIHEAP-FY2027-Att4,2026-02-09,https://acf.gov/ocs/policy-guidance/liheap-information-memoranda
11,2027,LIHEAP-FY2027-Att4,2026-02-09,https://acf.gov/ocs/policy-guidance/liheap-information-memoranda
12,2027,LIHEAP-FY2027-Att4,2026-02-09,https://acf.gov/ocs/policy-guidance/liheap-information-memoranda
13,2027,LIHEAP-FY2027-Att4,2026-02-09,https://acf.gov/ocs/policy-guidance/liheap-information-memoranda
15,2027,LIHEAP-FY2027-Att4,2026-02-09,https://acf.gov/ocs/policy-guidance/liheap-information-memoranda
16,2027,LIHEAP-FY2027-Att4,2026-02-09,https://acf.gov/ocs/policy-guidance/liheap-information-memoranda
17,2027,LIHEAP-FY2027-Att4,2026-02-09,https://acf.gov/ocs/policy-guidance/liheap-information-memoranda
18,2027,LIHEAP-FY2027-Att4,2026-02-09,https://acf.gov/ocs/policy-guidance/liheap-information-memoranda
19,2027,LIHEAP-FY2027-Att4,2026-02-09,https://acf.gov/ocs/policy-guidance/liheap-information-memoranda
20,2027,LIHEAP-FY2027-Att4,2026-02-09,https://acf.gov/ocs/policy-guidance/liheap-information-memoranda
21,2027,LIHEAP-FY2027-Att4,2026-02-09,https://acf.gov/ocs/policy-guidance/liheap-information-memoranda
22,2027,LIHEAP-FY2027-Att4,2026-02-09,https://acf.gov/ocs/policy-guidance/liheap-information-memoranda
23,2027,LIHEAP-FY2027-Att4,2026-02-09,https://acf.gov/ocs/policy-guidance/liheap-information-memoranda
24,2027,LIHEAP-FY2027-Att4,2026-02-09,https://acf.gov/ocs/policy-guidance/liheap-information-memoranda
25,2027,LIHEAP-FY2027-Att4,2026-02-09,https://acf.gov/ocs/policy-guidance/liheap-information-memoranda
26,2027,LIHEAP-FY2027-Att4,2026-02-09,https://acf.gov/ocs/policy-guidance/liheap-information-memoranda
27,2027,LIHEAP-FY2027-Att4,2026-02-09,https://acf.gov/ocs/policy-guidance/liheap-information-memoranda
28,2027,LIHEAP-FY2027-Att4,2026-02-09,https://acf.gov/ocs/policy-guidance/liheap-information-memoranda
29,2027,LIHEAP-FY2027-Att4,2026-02-09,https://acf.gov/ocs/policy-guidance/liheap-information-memoranda
30,2027,LIHEAP-FY2027-Att4,2026-02-09,https://acf.gov/ocs/policy-guidance/liheap-information-memoranda
31,2027,LIHEAP-FY2027-Att4,2026-02-09,https://acf.gov/ocs/policy-guidance/liheap-information-memoranda
32,2027,LIHEAP-FY2027-Att4,2026-02-09,https://acf.gov/ocs/policy-guidance/liheap-information-memoranda
33,2027,LIHEAP-FY2027-Att4,2026-02-09,https://acf.gov/ocs/policy-guidance/liheap-information-memoranda
34,2027,LIHEAP-FY2027-Att4,2026-02-09,https://acf.gov/ocs/policy-guidance/liheap-information-memoranda
35,2027,LIHEAP-FY2027-Att4,2026-02-09,https://acf.gov/ocs/policy-guidance/liheap-information-memoranda
36,2027,LIHEAP-FY2027-Att4,2026-02-09,https://acf.gov/ocs/policy-guidance/liheap-information-memoranda
37,2027,LIHEAP-FY2027-Att4,2026-02-09,https://acf.gov/ocs/policy-guidance/liheap-information-memoranda
38,2027,LIHEAP-FY2027-Att4,2026-02-09,https://acf.gov/ocs/policy-guidance/liheap-information-memoranda
39,2027,LIHEAP-FY2027-Att4,2026-02-09,https://acf.gov/ocs/policy-guidance/liheap-information-memoranda
40,2027,LIHEAP-FY2027-Att4,2026-02-09,https://acf.gov/ocs/policy-guidance/liheap-information-memoranda
41,2027,LIHEAP-FY2027-Att4,2026-02-09,https://acf.gov/ocs/policy-guidance/liheap-information-memoranda
42,2027,LIHEAP-FY2027-Att4,2026-02-09,https://acf.gov/ocs/policy-guidance/liheap-information-memoranda
44,2027,LIHEAP-FY2027-Att4,2026-02-09,https://acf.gov/ocs/policy-guidance/liheap-information-memoranda
45,2027,LIHEAP-FY2027-Att4,2026-02-09,https://acf.gov/ocs/policy-guidance/liheap-information-memoranda
46,2027,LIHEAP-FY2027-Att4,2026-02-09,https://acf.gov/ocs/policy-guidance/liheap-information-memoranda
47,2027,LIHEAP-FY2027-Att4,2026-02-09,https://acf.gov/ocs/policy-guidance/liheap-information-memoranda
48,2027,LIHEAP-FY2027-Att4,2026-02-09,https://acf.gov/ocs/policy-guidance/liheap-information-memoranda
49,2027,LIHEAP-FY2027-Att4,2026-02-09,https://acf.gov/ocs/policy-guidance/liheap-information-memoranda
50,2027,LIHEAP-FY2027-Att4,2026-02-09,https://acf.gov/ocs/policy-guidance/liheap-information-memoranda
51,2027,LIHEAP-FY2027-Att4,2026-02-09,https://acf.gov/ocs/policy-guidance/liheap-information-memoranda
53,2027,LIHEAP-FY2027-Att4,2026-02-09,https://acf.gov/ocs/policy-guidance/liheap-information-memoranda
54,2027,LIHEAP-FY2027-Att4,2026-02-09,https://acf.gov/ocs/policy-guidance/liheap-information-memoranda
55,2027,LIHEAP-FY2027-Att4,2026-02-09,https://acf.gov/ocs/policy-guidance/liheap-information-memoranda
56,2027,LIHEAP-FY2027-Att4,2026-02-09,https://acf.gov/ocs/policy-guidance/liheap-information-memoranda
72,2027,LIHEAP-FY2027-Att4,2026-02-09,https://acf.gov/ocs/policy-guidance/liheap-information-memoranda
